YXX,ABBOTSFORD,ABBOTSFORD,C,49,1,31,122,21,48,190
APG,PHILLIPS AAF,ABERDEEN,U,39,27,58,76,10,10,58
ABI,ABILENE RGNL,ABILENE,U,32,24,40,99,40,54,1791
DYS,DYESS AFB,ABILENE,U,32,25,14,99,51,16,1789
AKR,AKRON FULTON INTERNATIONAL,AKRON,U,41,2,15,81,28,0,1067
HMN,HOLLOMAN AFB,ALAMOGORDO,U,32,51,9,106,6,23,4093
ALB,ALBANY INTERNATIONAL,ALBANY,U,42,44,53,73,48,10,285
YLT,ALERT,ALERT,C,82,31,4,62,16,50,100
AEX,ALEXANDRIA INTERNATIONAL,ALEXANDRIA,U,31,19,38,92,32,54,89
ESF,ESLER RGNL,ALEXANDRIA,U,31,23,41,92,17,44,112
ALI,ALICE INTERNATIONAL,ALICE,U,27,44,27,98,1,37,178
AOO,ALTOONA BLAIR CO,ALTOONA,U,40,17,47,78,19,12,1504
LTS,ALTUS AFB,ALTUS,U,34,40,1,99,16,0,1382
AMA,AMARILLO INTERNATIONAL,AMARILLO,U,35,13,9,101,42,21,3607
ANC,TED STEVENS ANCHORAGE INTERNATIONAL,ANCHORAGE,U,61,10,27,149,59,46,152
EDF,ELMENDORF AFB,ANCHORAGE,U,61,15,4,149,48,23,213
MRI,MERRILL FLD,ANCHORAGE,U,61,12,51,149,50,46,137
ANB,ANNISTON METROPOLITAN,ANNISTON,U,33,35,17,85,51,29,612
ADM,ARDMORE MUNI,ARDMORE,U,34,18,11,97,1,10,762
YYW,ARMSTRONG,ARMSTRONG,C,50,17,25,88,54,35,1058
YIB,ATIKOKAN MUNI,ATIKOKAN,C,48,46,26,91,38,19,1408
ATL,THE WILLIAM B HARTSFIELD ATLANTA INTERNATIONAL,ATLANTA,U,33,38,25,84,25,37,1026
ACY,ATLANTIC CITY INTERNATIONAL,ATLANTIC CITY,U,39,27,27,74,34,37,75
AUG,AUGUSTA STATE,AUGUSTA,U,44,19,14,69,47,50,352
AUS,AUSTIN BERGSTROM INTERNATIONAL,AUSTIN,U,30,11,40,97,40,11,542
YBG,BAGOTVILLE,BAGOTVILLE,C,48,19,50,70,59,47,522
YBC,BAIE COMEAU,BAIE COMEAU,C,49,7,56,68,12,26,71
YBK,BAKER LAKE,BAKER LAKE,C,64,17,56,96,4,40,59
BFL,MEADOWS FLD,BAKERSFIELD,U,35,26,0,119,3,24,507
BWI,BALTIMORE WASHINGTON INTERNATIONAL,BALTIMORE,U,39,10,31,76,40,6,146
BGR,BANGOR INTERNATIONAL,BANGOR,U,44,48,26,68,49,41,192
BRW,WILEY POST WILL ROGERS MEM,BARROW,U,71,17,7,156,45,57,44
BTR,BATON ROUGE METRO RYAN FLD,BATON ROUGE,U,30,31,59,91,8,58,70
BDE,BAUDETTE INTERNATIONAL,BAUDETTE,U,48,43,42,94,36,44,1086
NBC,BEAUFORT MCAS,BEAUFORT,U,32,28,38,80,43,23,36
BPT,SOUTHEAST TEXAS RGNL,BEAUMONT,U,29,57,3,94,1,14,15
BED,LAURENCE G HANSCOM FLD,BEDFORD,U,42,28,11,71,17,20,133
BLV,SCOTT AFB MIDAMERICA,BELLEVILLE,U,38,32,42,89,50,6,459
BLI,BELLINGHAM INTERNATIONAL,BELLINGHAM,U,48,47,33,122,32,15,170
BET,BETHEL,BETHEL,U,60,46,47,161,50,16,123
BIX,KEESLER AFB,BILOXI,U,30,24,39,88,55,25,34
BHM,BIRMINGHAM INTERNATIONAL,BIRMINGHAM,U,33,33,46,86,45,12,644
BYH,ARKANSAS INTERNATIONAL,BLYTHEVILLE,U,35,57,51,89,56,36,251
BCT,BOCA RATON,BOCA RATON,U,26,22,42,80,6,27,13
BOI,BOISE AIR TERMINAL,BOISE,U,43,33,51,116,13,22,2871
BOS,GENERAL EDWARD LAWRENCE LOGAN INTERNATIONAL,BOSTON,U,42,21,51,71,0,18,19
YBR,BRANDON MUNI,BRANDON,C,49,54,36,99,57,7,1343
YVM,QIKIQTARJUAQ,BROUGHTON ISLAND,C,67,32,45,64,1,53,21
BRO,BROWNSVILLE SOUTH PADRE ISLAND INTERNATIONAL,BROWNSVILLE,U,25,54,24,97,25,33,22
CFD,COULTER FLD,BRYAN,U,30,42,56,96,19,52,367
BKF,BUCKLEY AFB,BUCKLEY,U,39,42,6,104,45,5,5662
BUF,BUFFALO NIAGARA INTERNATIONAL,BUFFALO,U,42,56,25,78,43,55,724
YVT,BUFFALO NARROWS,BUFFALO NARROWS,C,55,50,31,108,25,3,1444
BUR,BURBANK GLENDALE PASADENA,BURBANK,U,34,12,2,118,21,31,778
BTV,BURLINGTON INTERNATIONAL,BURLINGTON,U,44,28,18,73,9,11,335
YDB,BURWASH,BURWASH,C,61,22,16,139,2,26,2647
CXL,CALEXICO INTERNATIONAL,CALEXICO,U,32,40,10,115,30,47,4
YYC,CALGARY INTERNATIONAL,CALGARY,C,51,6,50,114,1,13,3557
YCB,CAMBRIDGE BAY,CAMBRIDGE BAY,C,69,6,29,105,8,18,90
YBL,CAMPBELL RIVER,CAMPBELL RIVER,C,49,57,3,125,16,15,346
YTE,CAPE DORSET,CAPE DORSET,C,64,13,48,76,31,36,164
CAR,CARIBOU MUNI,CARIBOU,U,46,52,17,68,1,4,626
CNM,CAVERN CITY AIR TERMINAL,CARLSBAD,U,32,20,14,104,15,47,3295
CPR,NATRONA CO INTERNATIONAL,CASPER,U,42,54,28,106,27,51,5348
YCG,CASTLEGAR,CASTLEGAR,C,49,17,47,117,37,57,1624
CDC,CEDAR CITY RGNL,CEDAR CITY,U,37,42,3,113,5,55,5622
YLD,CHAPLEAU,CHAPLEAU,C,47,49,12,83,20,47,1465
CHS,CHARLESTON AFB INTERNATIONAL,CHARLESTON,U,32,53,55,80,2,25,45
YCL,CHARLO,CHARLO,C,47,59,26,66,19,53,132
CLT,CHARLOTTE DOUGLAS INTERNATIONAL,CHARLOTTE,U,35,12,50,80,56,35,749
YYG,CHARLOTTETOWN,CHARLOTTETOWN,C,46,17,24,63,7,16,160
YCH,MIRAMICHI,CHATHAM,C,47,0,28,65,26,57,108
CHA,LOVELL FLD,CHATTANOOGA,U,35,2,7,85,12,13,682
NKT,CHERRY POINT MCAS,CHERRY POINT,U,34,54,9,76,52,51,28
CYS,CHEYENNE,CHEYENNE,U,41,9,20,104,48,42,6156
MDW,CHICAGO MIDWAY INTERNATIONAL,CHICAGO,U,41,47,9,87,45,8,620
ORD,CHICAGO OHARE INTERNATIONAL,CHICAGO,U,41,58,46,87,54,16,668
UGN,WAUKEGAN RGNL,CHICAGO,U,42,25,19,87,52,4,727
CIC,CHICO MUNI,CHICO,U,39,47,43,121,51,30,238
CDS,CHILDRESS MUNI,CHILDRESS,U,34,26,1,100,17,17,1954
YCW,CHILLIWACK,CHILLIWACK,C,49,9,10,121,56,20,32
NID,CHINA LAKE NAWS,CHINA,U,35,41,16,117,41,26,2283
YYQ,CHURCHILL,CHURCHILL,C,58,44,21,94,3,54,94
CVG,CINCINNATI NORTHERN KENTUCKY INTERNATIONAL,CINCINNATI,U,39,2,46,84,39,43,896
LUK,CINCINNATI MUNI LUNKEN FLD,CINCINNATI,U,39,6,12,84,25,7,483
CLE,CLEVELAND HOPKINS INTERNATIONAL,CLEVELAND,U,41,24,42,81,50,59,791
CVS,CANNON AFB,CLOVIS,U,34,22,57,103,19,19,4295
YCY,CLYDE RIVER,CLYDE RIVER,C,70,29,10,68,31,0,87
CDB,COLD BAY,COLD BAY,U,55,12,20,162,43,27,98
YOD,COLD LAKE,COLD LAKE,C,54,24,18,110,16,46,1775
CLL,EASTERWOOD FLD,COLLEGE STATION,U,30,35,18,96,21,49,321
COS,CITY OF COLORADO SPRINGS MUNI,COLORADO SPRINGS,U,38,48,20,104,42,0,6184
COU,COLUMBIA RGNL,COLUMBIA,U,38,49,5,92,13,10,889
CMH,PORT COLUMBUS INTERNATIONAL,COLUMBUS,U,39,59,52,82,53,30,815
LCK,RICKENBACKER INTERNATIONAL,COLUMBUS,U,39,48,49,82,55,40,744
YQQ,COMOX,COMOX,C,49,42,39,124,53,12,84
CXO,MONTGOMERY CO,CONROE,U,30,21,6,95,24,52,245
YCO,KUGLUKTUK,COPPERMINE,C,67,49,0,115,8,38,74
YZS,FAIRMONT HOT SPRINGS,CORAL HARBOUR,C,50,19,55,115,52,25,2658
CDV,MERLE K MUDHOLE SMITH,CORDOVA,U,60,29,30,145,28,39,42
YCT,CORONATION,CORONATION,C,52,4,30,111,26,43,2595
CRP,CORPUS CHRISTI INTERNATIONAL,CORPUS CHRISTI,U,27,46,13,97,30,4,44
COT,COTULLA LA SALLE CO,COTULLA,U,28,27,29,99,13,12,476
YXC,CRANBROOK,CRANBROOK,C,49,36,37,115,46,57,3082
CEW,BOB SIKES,CRESTVIEW,U,30,46,43,86,31,19,213
DHT,DALHART MUNI,DALHART,U,36,1,21,102,32,50,3991
DAL,DALLAS LOVE FLD,DALLAS,U,32,50,49,96,51,6,487
YDN,DAUPHIN BARKER,DAUPHIN,C,51,6,3,100,3,9,998
YDA,DAWSON,DAWSON,C,64,2,35,139,7,40,1214
YDQ,DAWSON CREEK,DAWSON CREEK,C,55,44,30,120,10,55,2148
DAY,JAMES M COX DAYTON INTERNATIONAL,DAYTON,U,39,54,8,84,13,9,1009
FFO,WRIGHT PATTERSON AFB,DAYTON,U,39,49,34,84,2,54,823
YDL,DEASE LAKE,DEASE LAKE,C,58,25,20,130,1,56,2600
YDF,DEER LAKE,DEER LAKE,C,49,12,39,57,23,29,72
DLF,LAUGHLIN AFB,DEL RIO,U,29,21,34,100,46,40,1081
DRT,DEL RIO INTERNATIONAL,DEL RIO,U,29,22,22,100,55,33,999
BIG,ALLEN AAF,DELTA JUNCTION,U,63,59,40,145,43,17,1277
DEN,DENVER INTERNATIONAL,DENVER,U,39,51,30,104,40,1,5431
DRI,BEAUREGARD PARISH,DERIDDER,U,30,49,54,93,20,23,204
DSM,DES MOINES INTERNATIONAL,DES MOINES,U,41,32,2,93,39,45,957
DET,DETROIT CITY,DETROIT,U,42,24,33,83,0,35,626
DTW,DETROIT METRO WAYNE CO,DETROIT,U,42,12,44,83,21,12,646
YIP,WILLOW RUN,DETROIT,U,42,14,16,83,31,49,716
DLG,DILLINGHAM,DILLINGHAM,U,59,2,43,158,30,12,86
DHN,DOTHAN RGNL,DOTHAN,U,31,19,16,85,26,58,401
DUG,BISBEE DOUGLAS INTERNATIONAL,DOUGLAS,U,31,28,8,109,36,13,4154
DOV,DOVER AFB,DOVER,U,39,7,48,75,27,59,30
YHD,DRYDEN RGNL,DRYDEN,C,49,49,54,92,44,39,1354
DLH,DULUTH INTERNATIONAL,DULUTH,U,46,50,31,92,11,37,1428
DRO,DURANGO LA PLATA CO,DURANGO,U,37,9,5,107,45,13,6685
EGP,EAGLE PASS MUNI,EAGLE PASS,U,28,42,0,100,28,46,805
YXR,TIMISKAMING RGNL,EARLTON,C,47,41,42,79,50,56,798
YEG,EDMONTON INTERNATIONAL,EDMONTON,C,53,18,35,113,34,47,2373
YXD,EDMONTON CITY CENTRE,EDMONTON,C,53,34,21,113,31,14,2200
YET,EDSON,EDSON,C,53,34,44,116,27,54,3041
NJK,EL CENTRO NAF,EL CENTRO,U,32,49,45,115,40,18,-43
ELD,SOUTH ARKANSAS RGNL AT GOODWIN FLD,EL DORADO,U,33,13,15,92,48,47,277
BIF,BIGGS AAF,EL PASO,U,31,50,58,106,22,48,3946
ELP,EL PASO INTERNATIONAL,EL PASO,U,31,48,24,106,22,40,3958
ECG,ELIZABETH CITY CGAS RGNL,ELIZABETH CITY,U,36,15,38,76,10,28,12
EKN,ELKINS RANDOLPH CO JENNINGS RANDOLPH,ELKINS,U,38,53,22,79,51,25,1987
END,VANCE AFB,ENID,U,36,20,23,97,54,58,1307
YEK,ARVIAT,ESKIMO POINT,C,61,5,39,94,4,15,32
YEN,ESTEVAN,ESTEVAN,C,49,12,37,102,57,57,1905
YEU,EUREKA,EUREKA,C,79,59,41,85,48,48,256
PAE,SNOHOMISH CO,EVERETT,U,47,54,22,122,16,53,606
EIL,EIELSON AFB,FAIRBANKS,U,64,39,56,147,6,5,548
FAI,FAIRBANKS INTERNATIONAL,FAIRBANKS,U,64,48,54,147,51,22,434
SUU,TRAVIS AFB,FAIRFIELD,U,38,15,45,121,55,38,62
NFL,FALLON NAS,FALLON,U,39,24,59,118,42,3,3934
FMH,OTIS ANGB,FALMOUTH,U,41,39,30,70,31,17,131
FMN,FOUR CORNERS RGNL,FARMINGTON,U,36,44,28,108,13,47,5506
ZFA,FARO,FARO,C,62,12,27,133,22,33,2351
FYV,DRAKE FLD,FAYETTEVILLE,U,36,0,18,94,10,12,1251
POB,POPE AFB,FAYETTEVILLE,U,35,10,15,79,0,52,217
YFO,FLIN FLON,FLIN FLON,C,54,40,41,101,40,54,997
FLO,FLORENCE RGNL,FLORENCE,U,34,11,7,79,43,26,146
N/A,FORESTVILLE,FORESTVILLE,C,48,44,46,69,5,50,29
LSF,LAWSON AAF,FORT BENNING,U,32,20,14,84,59,28,232
YPY,FORT CHIPEWYAN,FORT CHIPEWYAN,C,58,46,2,111,7,2,761
FOD,FORT DODGE RGNL,FORT DODGE,U,42,33,5,94,11,33,1157
GTB,WHEELER SACK AAF,FORT DRUM,U,44,3,20,75,43,10,691
FAF,FELKER AAF,FORT EUSTIS,U,37,7,57,76,36,31,12
FHU,SIERRA VISTA MUNI LIBBY AAF,FORT HUACHUCA,U,31,35,18,110,20,39,4719
BYS,BICYCLE LAKE AAF,FORT IRWIN,U,35,16,49,116,37,48,2350
FTK,GODMAN AAF,FORT KNOX,U,37,54,25,85,58,19,756
FLL,FORT LAUDERDALE HOLLYWOOD INTERNATIONAL,FORT LAUDERDALE,U,26,4,21,80,9,9,9
FXE,FORT LAUDERDALE EXECUTIVE,FORT LAUDERDALE,U,26,11,50,80,10,14,14
FLV,SHERMAN AAF,FORT LEAVENWORTH,U,39,22,6,94,54,52,772
YMM,FORT MCMURRAY,FORT MCMURRAY,C,56,39,12,111,13,19,1211
ZFM,FORT MCPHERSON,FORT MCPHERSON,C,67,24,28,134,51,37,142
FMY,PAGE FLD,FORT MYERS,U,26,35,11,81,51,47,17
RSW,SOUTHWEST FLORIDA INTERNATIONAL,FORT MYERS,U,26,32,10,81,45,18,30
YYE,FORT NELSON,FORT NELSON,C,58,50,11,122,35,49,1253
POE,POLK AAF,FORT POLK,U,31,2,41,93,11,29,330
YFR,FORT RESOLUTION,FORT RESOLUTION,C,61,10,51,113,41,23,526
FRI,MARSHALL AAF,FORT RILEY,U,39,3,18,96,45,52,1063
YXJ,FORT ST JOHN,FORT SAINT JOHN,C,56,14,17,120,44,25,2280
FSI,HENRY POST AAF,FORT SILL,U,34,38,59,98,24,7,1189
YFS,FORT SIMPSON,FORT SIMPSON,C,61,45,37,121,14,12,555
FSM,FORT SMITH RGNL,FORT SMITH,U,35,20,11,94,22,2,469
AIN,WAINWRIGHT AS,FORT WAINWRIGHT,U,70,36,48,159,51,37,35
FBK,WAINWRIGHT AAF,FORT WAINWRIGHT,U,64,50,15,147,36,52,454
FTW,FORT WORTH MEACHAM INTERNATIONAL,FORT WORTH,U,32,49,11,97,21,44,710
DFW,DALLAS FORT WORTH INTERNATIONAL,FORT WORTH,U,32,53,47,97,2,15,603
FYU,FORT YUKON,FORT YUKON,U,66,34,17,145,15,1,433
YFC,FREDERICTON,FREDERICTON,C,45,52,10,66,31,54,68
FAT,FRESNO YOSEMITE INTERNATIONAL,FRESNO,U,36,46,34,119,43,5,336
GAG,GAGE,GAGE,U,36,17,43,99,46,35,2223
GNV,GAINESVILLE RGNL,GAINESVILLE,U,29,41,24,82,16,18,152
GAL,EDWARD G PITKA SR,GALENA,U,64,44,10,156,56,14,152
GLS,SCHOLES INTERNATIONAL AT GALVESTON,GALVESTON,U,29,15,55,94,51,37,6
YQX,GANDER INTERNATIONAL,GANDER,C,48,56,13,54,34,5,496
GCK,GARDEN CITY RGNL,GARDEN CITY,U,37,55,39,100,43,27,2890
YGP,GASPE,GASPE,C,48,46,31,64,28,43,108
YND,GATINEAU,GATINEAU,C,45,31,17,75,33,51,211
YGQ,GERALDTON GREENSTONE REGIONAL,GERALDTON,C,49,46,42,86,56,22,1144
YHK,GJOA HAVEN,GJOA HAVEN,C,68,38,8,95,50,59,152
GSB,SEYMOUR JOHNSON AFB,GOLDSBORO,U,35,20,21,77,57,38,110
YYR,GOOSE BAY,GOOSE BAY,C,53,19,9,60,25,33,160
YZE,GORE BAY MANITOULIN,GORE BAY,C,45,53,7,82,34,4,635
GFK,GRAND FORKS INTERNATIONAL,GRAND FORKS,U,47,56,57,97,10,34,845
GRR,GERALD R FORD INTERNATIONAL,GRAND RAPIDS,U,42,52,51,85,31,22,793
YQU,GRANDE PRAIRIE,GRANDE PRAIRIE,C,55,10,47,118,53,6,2195
GVW,RICHARDS GEBAUR MEMORIAL,GRANDVIEW,U,38,50,36,94,33,38,1090
GNT,GRANTS MILAN MUNI,GRANTS,U,35,9,55,107,54,2,6521
GTF,GREAT FALLS INTERNATIONAL,GREAT FALLS,U,47,28,55,111,22,14,3677
GRB,AUSTIN STRAUBEL INTERNATIONAL,GREEN BAY,U,44,29,6,88,7,46,695
GWO,GREENWOOD LEFLORE,GREENWOOD,U,33,29,39,90,5,4,162
YAW,SHEARWATER,HALIFAX,C,44,38,23,63,29,58,167
YHZ,HALIFAX INTERNATIONAL,HALIFAX,C,44,52,51,63,30,31,477
YUX,HALL BEACH,HALL BEACH,C,68,46,34,81,14,37,27
YHM,HAMILTON,HAMILTON,C,43,10,23,79,56,6,780
LFI,LANGLEY AFB,HAMPTON,U,37,4,58,76,21,37,11
HRL,VALLEY INTERNATIONAL,HARLINGEN,U,26,13,42,97,39,15,36
MDT,HARRISBURG INTERNATIONAL,HARRISBURG,U,40,11,36,76,45,48,310
HRO,BOONE CO,HARRISON,U,36,15,41,93,9,17,1365
HFD,HARTFORD BRAINARD,HARTFORD,U,41,44,10,72,39,0,19
HVR,HAVRE CITY CO,HAVRE,U,48,32,34,109,45,44,2590
HHR,JACK NORTHROP FLD HAWTHORNE MUNI,HAWTHORNE,U,33,55,22,118,20,6,66
YHY,HAY RIVER,HAY RIVER,C,60,50,23,115,46,58,543
HLN,HELENA RGNL,HELENA,U,46,36,24,111,58,57,3877
HIB,CHISHOLM HIBBING,HIBBING,U,47,23,11,92,50,20,1353
HKY,HICKORY RGNL,HICKORY,U,35,44,28,81,23,22,1189
YOJ,HIGH LEVEL,HIGH LEVEL,C,58,37,17,117,9,53,1110
HBR,HOBART MUNI,HOBART,U,34,59,28,99,3,4,1564
HOB,LEA CO RGNL,HOBBS,U,32,41,15,103,13,1,3661
HWO,NORTH PERRY,HOLLYWOOD,U,26,0,5,80,14,25,9
YHI,HOLMAN,HOLMAN ISLAND,C,70,45,47,117,48,21,117
HOM,HOMER,HOMER,U,59,38,44,151,28,35,84
HST,HOMESTEAD ARB,HOMESTEAD,U,25,29,18,80,23,1,7
HOP,CAMPBELL AAF,HOPKINSVILLE,U,36,40,6,87,29,46,573
HTL,ROSCOMMON CO,HOUGHTON LAKE,U,44,21,35,84,40,16,1150
HUL,HOULTON INTERNATIONAL,HOULTON,U,46,7,23,67,47,31,489
EFD,ELLINGTON FLD,HOUSTON,U,29,36,26,95,9,31,32
HOU,WILLIAM P HOBBY,HOUSTON,U,29,38,43,95,16,44,46
IAH,GEORGE BUSH INTCNTL HOUSTON,HOUSTON,U,29,58,49,95,20,23,97
YHB,HUDSON BAY,HUDSON BAY,C,52,49,0,102,18,41,1175
HON,HURON RGNL,HURON,U,44,23,6,98,13,42,1289
YGR,ILES DE LA MADELEINE,ILES DE LA MADELEINE,C,47,25,29,61,46,41,34
ILI,ILIAMNA,ILIAMNA,U,59,45,13,154,54,39,186
IPL,IMPERIAL CO,IMPERIAL,U,32,50,3,115,34,43,-56
INS,INDIAN SPRINGS AF AUX,INDIAN SPRINGS,U,36,35,13,115,40,24,3133
IND,INDIANAPOLIS INTERNATIONAL,INDIANAPOLIS,U,39,43,2,86,17,39,797
INL,FALLS INTERNATIONAL,INTERNATIONAL FALLS,U,48,33,58,93,24,11,1185
YEV,INUVIK MIKE ZUBKO,INUVIK,C,68,18,15,133,28,58,224
YFB,IQALUIT,IQALUIT,C,63,45,23,68,33,21,110
ISP,LONG ISLAND MAC ARTHUR,ISLIP,U,40,47,42,73,6,0,99
JAN,JACKSON INTERNATIONAL,JACKSON,U,32,18,40,90,4,33,346
MKL,MC KELLAR SIPES RGNL,JACKSON,U,35,35,59,88,54,56,434
JAX,JACKSONVILLE INTERNATIONAL,JACKSONVILLE,U,30,29,38,81,41,16,30
LRF,LITTLE ROCK AFB,JACKSONVILLE,U,34,55,5,92,8,47,311
NCA,NEW RIVER MCAS,JACKSONVILLE,U,34,42,30,77,26,22,25
NIP,JACKSONVILLE NAS,JACKSONVILLE,U,30,14,9,81,40,50,22
NZC,CECIL FLD,JACKSONVILLE,U,30,13,7,81,52,35,81
JBR,JONESBORO MUNI,JONESBORO,U,35,49,54,90,38,46,262
JNU,JUNEAU INTERNATIONAL,JUNEAU,U,58,21,17,134,34,34,19
YKA,KAMLOOPS,KAMLOOPS,C,50,42,8,120,26,31,1133
IKK,GREATER KANKAKEE,KANKAKEE,U,41,4,17,87,50,46,630
MCI,KANSAS CITY INTERNATIONAL,KANSAS CITY,U,39,17,51,94,42,50,1026
YYU,KAPUSKASING,KAPUSKASING,C,49,24,50,82,28,3,743
YLW,KELOWNA,KELOWNA,C,49,57,22,119,22,40,1409
ENA,KENAI MUNI,KENAI,U,60,34,23,151,14,42,99
YQK,KENORA,KENORA,C,49,47,18,94,21,47,1332
KTN,KETCHIKAN INTERNATIONAL,KETCHIKAN,U,55,21,20,131,42,49,97
EYW,KEY WEST INTERNATIONAL,KEY WEST,U,24,33,22,81,45,34,3
NQX,KEY WEST NAS,KEY WEST,U,24,34,33,81,41,20,6
GRK,ROBERT GRAY AAF,KILLEEN,U,31,4,2,97,49,44,1019
YKY,KINDERSLEY,KINDERSLEY,C,51,31,3,109,10,51,2277
AKN,KING SALMON,KING SALMON,U,58,40,36,156,38,57,57
YGK,KINGSTON,KINGSTON,C,44,13,31,76,35,49,305
NQI,KINGSVILLE NAS,KINGSVILLE,U,27,30,26,97,48,35,50
TYS,MC GHEE TYSON,KNOXVILLE,U,35,48,44,83,59,34,981
ADQ,KODIAK,KODIAK,U,57,45,0,152,29,37,73
OTZ,RALPH WIEN MEM,KOTZEBUE,U,66,53,4,162,35,54,11
YGL,LA GRANDE RIVIERE,LA GRANDE RIVIERE,C,53,37,31,77,42,15,639
YVC,LA RONGE,LA RONGE,C,55,9,5,105,15,43,1242
LFT,LAFAYETTE RGNL,LAFAYETTE,U,30,12,19,91,59,15,42
LCH,LAKE CHARLES RGNL,LAKE CHARLES,U,30,7,34,93,13,24,15
NEL,LAKEHURST NAES,LAKEHURST,U,40,2,0,74,21,12,103
LAN,CAPITAL CITY,LANSING,U,42,46,43,84,35,14,861
LRD,LAREDO INTERNATIONAL,LAREDO,U,27,32,37,99,27,41,508
LAS,MC CARRAN INTERNATIONAL,LAS VEGAS,U,36,4,49,115,9,8,2181
LSV,NELLIS AFB,LAS VEGAS,U,36,14,10,115,2,3,1868
NLC,LEMOORE NAS,LEMOORE,U,36,19,58,119,57,7,234
YQL,LETHBRIDGE,LETHBRIDGE,C,49,37,49,112,47,59,3047
LNK,LINCOLN MUNI,LINCOLN,U,40,51,3,96,45,33,1219
LIT,ADAMS FLD,LITTLE ROCK,U,34,43,46,92,13,27,262
YLL,LLOYDMINSTER,LLOYDMINSTER,C,53,18,33,110,4,21,2194
VBG,VANDENBERG AFB,LOMPOC,U,34,43,46,120,34,36,367
YXU,LONDON,LONDON,C,43,2,8,81,9,14,912
LGB,LONG BEACH,LONG BEACH,U,33,49,3,118,9,5,60
GGG,EAST TEXAS RGNL,LONGVIEW,U,32,23,5,94,42,41,365
LAX,LOS ANGELES INTERNATIONAL,LOS ANGELES,U,33,56,33,118,24,29,126
ARA,ACADIANA REGIONAL,LOUISIANA,U,30,2,15,91,53,2,24
LOU,BOWMAN FLD,LOUISVILLE,U,38,13,40,85,39,49,546
LBB,LUBBOCK INTERNATIONAL,LUBBOCK,U,33,39,49,101,49,22,3282
LFK,ANGELINA CO,LUFKIN,U,31,14,2,94,45,0,296
YYL,LYNN LAKE,LYNN LAKE,C,56,51,50,101,4,34,1170
MCN,MIDDLE GEORGIA RGNL,MACON,U,32,41,34,83,38,57,354
MNM,MENOMINEE MARINETTE TWIN CO,MACON,U,45,7,35,87,38,18,625
WRB,ROBINS AFB,MACON,U,32,38,24,83,35,30,294
MSN,DANE CO RGNL TRUAX FLD,MADISON,U,43,8,23,89,20,15,887
YMW,MANIWAKI,MANIWAKI,C,46,16,28,75,59,24,659
MGE,DOBBINS ARB,MARIETTA,U,33,54,55,84,30,58,1068
MQT,SAWYER INTERNATIONAL,MARQUETTE,U,46,32,2,87,33,42,1419
HRT,HURLBURT FLD,MARY ESTHER,U,30,25,40,86,41,21,38
BAB,BEALE AFB,MARYSVILLE,U,39,8,9,121,26,11,113
MSS,MASSENA INTERNATIONAL RICHARDS FLD,MASSENA,U,44,56,9,74,50,43,215
YNM,MATAGAMI,MATAGAMI,C,49,45,42,77,48,10,918
YMA,MAYO,MAYO,C,63,37,0,135,52,0,1653
MLC,MC ALESTER RGNL,MCALESTER,U,34,52,56,95,47,0,770
MFE,MC ALLEN MILLER INTERNATIONAL,MCALLEN,U,26,10,33,98,14,19,107
YLJ,MEADOW LAKE,MEADOW LAKE,C,54,7,31,108,31,22,1576
YXH,MEDICINE HAT,MEDICINE HAT,C,50,1,8,110,43,15,2352
MLB,MELBOURNE INTERNATIONAL,MELBOURNE,U,28,6,9,80,38,42,33
MEM,MEMPHIS INTERNATIONAL,MEMPHIS,U,35,2,32,89,58,36,341
MER,CASTLE,MERCED,U,37,22,49,120,34,5,189
NMM,MERIDIAN NAS,MERIDIAN,U,32,33,7,88,33,20,317
MIA,MIAMI INTERNATIONAL,MIAMI,U,25,47,35,80,17,26,8
OPF,OPA LOCKA,MIAMI,U,25,54,25,80,16,42,8
TNT,DADE COLLIER TRAINING AND TRANSITION,MIAMI,U,25,51,42,80,53,49,13
MAF,MIDLAND INTERNATIONAL,MIDLAND,U,31,56,33,102,12,6,2871
NQA,MILLINGTON MUNI,MILLINGTON,U,35,21,24,89,52,13,320
MLT,MILLINOCKET MUNI,MILLINOCKET,U,45,38,52,68,41,8,408
MIV,MILLVILLE MUNI,MILLVILLE,U,39,22,4,75,4,20,85
NSE,WHITING FLD NAS NORTH,MILTON,U,30,43,27,87,1,19,200
MKE,GENERAL MITCHELL INTERNATIONAL,MILWAUKEE,U,42,56,50,87,53,47,723
MWL,MINERAL WELLS,MINERAL WELLS,U,32,46,53,98,3,36,973
MSP,MINNEAPOLIS ST PAUL INTERNATIONAL,MINNEAPOLIS,U,44,52,49,93,13,0,841
MIB,MINOT AFB,MINOT,U,48,24,56,101,21,27,1668
MOT,MINOT INTERNATIONAL,MINOT,U,48,15,33,101,16,49,1700
BFM,MOBILE DOWNTOWN,MOBILE,U,30,37,35,88,4,4,26
MOB,MOBILE RGNL,MOBILE,U,30,41,29,88,14,34,219
MOD,MODESTO CITY CO HARRY SHAM,MODESTO,U,37,37,32,120,57,15,97
YQM,GREATER MONCTON INTERNATIONAL,MONCTON,C,46,6,44,64,40,43,232
MLU,MONROE RGNL,MONROE,U,32,30,39,92,2,15,79
YYY,MONT JOLI,MONT JOLI,C,48,36,31,68,12,29,172
MXF,MAXWELL AFB,MONTGOMERY,U,32,22,45,86,21,45,172
MPV,EDWARD F KNAPP STATE,MONTPELIER,U,44,12,12,72,33,44,1165
YHU,ST HUBERT,MONTREAL,C,45,31,3,73,25,1,90
YMX,MONTREAL INTERNATIONAL MIRABEL,MONTREAL,C,45,40,47,74,2,19,270
YUL,MONTREAL INTERNATIONAL DORVAL,MONTREAL,C,45,28,5,73,44,29,117
YMJ,MOOSE JAW,MOOSE JAW,C,50,19,49,105,33,33,1892
YMO,MOOSONEE,MOOSONEE,C,51,17,28,80,36,28,30
MTC,SELFRIDGE ANGB,MOUNT CLEMENS,U,42,36,46,82,49,54,580
MUO,MOUNTAIN HOME AFB,MOUNTAIN HOME,U,43,2,36,115,52,20,2996
NUQ,MOFFETT FEDERAL AFLD,MOUNTAIN VIEW,U,37,24,54,122,2,53,32
MUI,MUIR AAF,MUIR,U,40,26,5,76,34,9,489
MKO,DAVIS FLD,MUSKOGEE,U,35,39,27,95,21,41,610
YQA,MUSKOKA,MUSKOKA,C,44,58,29,79,18,12,925
MYR,MYRTLE BEACH INTERNATIONAL,MYRTLE BEACH,U,33,40,47,78,55,42,25
N/A,NAKINA,NAKINA,C,50,10,58,86,41,47,1057
YCD,NANAIMO,NANAIMO,C,49,3,8,123,52,12,93
YSR,NANISIVIK,NANISIVIK,C,72,58,56,84,36,49,2106
ACK,NANTUCKET MEM,NANTUCKET,U,41,15,10,70,3,36,48
BNA,NASHVILLE INTERNATIONAL,NASHVILLE,U,36,7,28,86,40,41,599
YNA,NATASHQUAN,NATASHQUAN,C,50,11,23,61,47,21,35
EWN,CRAVEN CO RGNL,NEW BERN,U,35,4,22,77,2,34,18
MSY,LOUIS ARMSTRONG NEW ORLEANS INTERNATIONAL,NEW ORLEANS,U,29,59,36,90,15,28,4
NBG,NEW ORLEANS NAS JRB,NEW ORLEANS,U,29,49,31,90,2,6,3
JFK,JOHN F KENNEDY INTERNATIONAL,NEW YORK,U,40,38,23,73,46,44,13
LGA,LA GUARDIA,NEW YORK,U,40,46,38,73,52,21,22
EWR,NEWARK LIBERTY INTERNATIONAL,NEWARK,U,40,41,32,74,10,7,18
SWF,STEWART INTERNATIONAL,NEWBURGH,U,41,30,14,74,6,17,491
PHF,NEWPORT NEWS WILLIAMSBURG INTERNATIONAL,NEWPORT NEWS,U,37,7,54,76,29,34,43
IAG,NIAGARA FALLS INTERNATIONAL,NIAGARA FALLS,U,43,6,26,78,56,46,590
OLS,NOGALES INTERNATIONAL,NOGALES,U,31,25,3,110,50,52,3955
OME,NOME,NOME,U,64,30,43,165,26,42,37
NGU,NORFOLK NS,NORFOLK,U,36,56,15,76,17,21,15
ORF,NORFOLK INTERNATIONAL,NORFOLK,U,36,53,40,76,12,4,26
YVQ,NORMAN WELLS,NORMAN WELLS,C,65,16,57,126,48,1,241
YQW,NORTH BATTLEFORD,NORTH BATTLEFORD,C,52,46,9,108,14,37,1799
YYB,NORTH BAY,NORTH BAY,C,46,21,49,79,25,22,1215
ORT,NORTHWAY,NORTHWAY,U,62,57,40,141,55,44,1716
OAK,METROPOLITAN OAKLAND INTERNATIONAL,OAKLAND,U,37,43,16,122,13,14,6
NTU,OCEANA NAS,OCEANA,U,36,49,14,76,2,0,22
HIF,HILL AFB,OGDEN,U,41,7,26,111,58,22,4789
OGS,OGDENSBURG INTERNATIONAL,OGDENSBURG,U,44,40,55,75,27,56,297
OKC,WILL ROGERS WORLD,OKLAHOMA CITY,U,35,23,35,97,36,2,1295
TIK,TINKER AFB,OKLAHOMA CITY,U,35,24,53,97,23,11,1291
YOC,OLD CROW,OLD CROW,C,67,34,14,139,50,21,824
OFF,OFFUTT AFB,OMAHA,U,41,7,6,95,54,45,1052
OMA,EPPLEY AFLD,OMAHA,U,41,18,9,95,53,37,984
ONT,ONTARIO INTERNATIONAL,ONTARIO,U,34,3,21,117,36,4,944
MCO,ORLANDO INTERNATIONAL,ORLANDO,U,28,25,44,81,18,57,96
ORL,EXECUTIVE,ORLANDO,U,28,32,43,81,19,58,113
YOW,OTTAWA MACDONALD CARTIER INTERNATIONAL,OTTAWA,C,45,19,21,75,40,9,374
PSX,PALACIOS MUNI,PALACIOS,U,28,43,39,96,15,3,15
PSP,PALM SPRINGS INTERNATIONAL,PALM SPRINGS,U,33,49,46,116,30,24,474
PMD,PALMDALE PROD FLT TEST INSTL AF PLT 42,PALMDALE,U,34,37,45,118,5,4,2543
PAQ,PALMER MUNI,PALMER,U,61,35,41,149,5,19,248
PAM,TYNDALL AFB,PANAMA CITY,U,30,4,11,85,34,35,18
YXP,PANGNIRTUNG,PANGNIRTUNG,C,66,8,42,65,42,49,75
NHK,PATUXENT RIVER NAS,PATUXENT RIVER,U,38,17,9,76,24,42,39
YPE,PEACE RIVER,PEACE RIVER,C,56,13,37,117,26,50,1873
YBB,KUGAARUK,PELLY BAY,C,68,32,4,89,48,29,56
NPA,PENSACOLA NAS,PENSACOLA,U,30,21,9,87,19,7,28
PNS,PENSACOLA RGNL,PENSACOLA,U,30,28,23,87,11,14,121
YYF,PENTICTON,PENTICTON,C,49,27,46,119,36,8,1129
GUS,GRISSOM ARB,PERU,U,40,38,53,86,9,7,811
YWA,PETAWAWA,PETAWAWA,C,45,57,8,77,19,9,427
YPQ,PETERBOROUGH,PETERBOROUGH,C,44,13,48,78,21,48,628
PHL,PHILADELPHIA INTERNATIONAL,PHILADELPHIA,U,39,52,19,75,14,28,38
PNE,NORTHEAST PHILADELPHIA,PHILADELPHIA,U,40,4,55,75,0,38,121
LUF,LUKE AFB,PHOENIX,U,33,32,6,112,22,59,1085
PHX,PHOENIX SKY HARBOR INTERNATIONAL,PHOENIX,U,33,26,3,112,0,29,1135
YPL,PICKLE LAKE,PICKLE LAKE,C,51,26,47,90,12,51,1267
PBF,GRIDER FLD,PINE BLUFF,U,34,10,29,91,56,4,206
N/A,PITT MEADOWS,PITT MEADOWS,C,49,12,58,122,42,36,11
PIT,PITTSBURGH INTERNATIONAL,PITTSBURGH,U,40,29,29,80,13,58,1204
PBG,PLATTSBURGH INTERNATIONAL,PLATTSBURGH,U,44,39,3,73,28,5,235
PIZ,POINT LAY LRRS,POINT LAY,U,69,43,58,163,0,19,25
PNC,PONCA CITY MUNI,PONCA CITY,U,36,43,50,97,5,59,1007
YIO,POND INLET,POND INLET,C,72,41,0,77,58,0,181
NOW,PORT ANGELES CGAS,PORT ANGELES,U,48,8,29,123,24,50,13
YZT,PORT HARDY,PORT HARDY,C,50,40,50,127,22,0,71
PHN,ST CLAIR CO INTERNATIONAL,PORT HURON,U,42,54,39,82,31,43,650
YPN,PORT MENIER,PORT MENIER,C,49,50,11,64,17,19,167
YPG,SOUTHPORT,PORTAGE-LA-PRAIRIE,C,49,54,10,98,16,29,885
PDX,PORTLAND INTERNATIONAL,PORTLAND,U,45,35,19,122,35,51,30
PWM,PORTLAND INTERNATIONAL JETPORT,PORTLAND,U,43,38,46,70,18,31,74
PRC,ERNEST A LOVE FLD,PRESCOTT,U,34,39,16,112,25,10,5045
PQI,NORTHERN MAINE RGNL AT PRESQUE ISLE,PRESQUE ISLE,U,46,41,20,68,2,41,534
YPA,PRINCE ALBERT GLASS FIELD,PRINCE ALBERT,C,53,12,51,105,40,22,1405
YXS,PRINCE GEORGE,PRINCE GEORGE,C,53,53,22,122,40,44,2267
YPR,PRINCE RUPERT,PRINCE PUPERT,C,54,17,10,130,26,41,116
PNM,PRINCETON MUNI,PRINCETON,U,45,33,35,93,36,29,979
PVD,THEODORE FRANCIS GREEN STATE,PROVIDENCE,U,41,43,26,71,25,41,55
NYG,QUANTICO MCAF,QUANTICO,U,38,30,6,77,18,19,11
YQB,QUEBEC JEAN LESAGE INTERNATIONAL,QUEBEC,C,46,47,18,71,23,51,244
YQZ,QUESNEL,QUESNEL,C,53,1,34,122,30,36,1789
YVP,KUUJJUAQ,QUUJJUAQ,C,58,5,46,68,25,37,129
YRT,RANKIN INLET,RANKIN INLET,C,62,48,41,92,6,57,94
RCA,ELLSWORTH AFB,RAPID CITY,U,44,8,42,103,6,12,3280
YQF,RED DEER REGIONAL,RED DEER INDUSTRIAL,C,52,10,43,113,53,35,2968
RDR,GRAND FORKS AFB,RED RIVER,U,47,57,39,97,24,4,911
HUA,REDSTONE AAF,REDSTONE,U,34,40,43,86,41,5,685
YQR,REGINA INTERNATIONAL,REGINA,C,50,25,55,104,39,57,1894
RNO,RENO TAHOE INTERNATIONAL,RENO,U,39,29,54,119,46,5,4412
YUT,REPULSE BAY,REPULSE BAY,C,66,31,17,86,13,29,80
YRB,RESOLUTE BAY,RESOLUTE,C,74,43,1,94,58,10,215
RIC,RICHMOND INTERNATIONAL,RICHMOND,U,37,30,18,77,19,10,167
RAL,RIVERSIDE MUNI,RIVERSIDE,U,33,57,6,117,26,42,818
RIV,MARCH ARB,RIVERSIDE,U,33,52,50,117,15,34,1535
YRI,RIVIERE DU LOUP,RIVIERE DU LOUP,C,47,45,52,69,35,5,427
YRJ,ROBERVAL,ROBERVAL,C,48,31,12,72,15,56,586
RBM,ROBINSON AAF,ROBINSON,U,34,51,0,92,18,0,587
ROC,GREATER ROCHESTER INTERNATIONAL,ROCHESTER,U,43,7,7,77,40,20,559
YRM,ROCKY MOUNTAIN HOUSE,ROCKY MOUNTAIN HOUSE,C,52,25,47,114,54,15,3242
RME,GRIFFISS AIRPARK,ROME,U,43,14,1,75,24,25,504
ROW,ROSWELL INDUSTRIAL AIR CENTER,ROSWELL,U,33,18,5,104,31,50,3671
YUY,ROUYN NORANDA,ROUYN,C,48,12,22,78,50,8,988
YSY,SACHS HARBOUR,SACHS HARBOUR,C,71,59,38,125,14,33,281
MCC,MC CLELLAN AFLD,SACRAMENTO,U,38,40,3,121,24,2,75
MHR,SACRAMENTO MATHER,SACRAMENTO,U,38,33,14,121,17,51,96
SAC,SACRAMENTO EXECUTIVE,SACRAMENTO,U,38,30,45,121,29,36,24
SMF,SACRAMENTO INTERNATIONAL,SACRAMENTO,U,38,41,43,121,35,26,27
SBY,SALISBURY OCEAN CITY WICOMICO RGNL,SALISBURY,U,38,20,25,75,30,37,52
SLC,SALT LAKE CITY INTERNATIONAL,SALT LAKE CITY,U,40,47,18,111,58,39,4227
SJT,SAN ANGELO RGNL MATHIS FLD,SAN ANGELO,U,31,21,27,100,29,46,1919
RND,RANDOLPH AFB,SAN ANTONIO,U,29,31,46,98,16,44,762
SAT,SAN ANTONIO INTERNATIONAL,SAN ANTONIO,U,29,32,1,98,28,11,809
SKF,LACKLAND AFB KELLY FLD ANNEX,SAN ANTONIO,U,29,23,3,98,34,51,691
NZY,NORTH ISLAND NAS,SAN DIEGO,U,32,41,57,117,12,55,26
SAN,SAN DIEGO INTERNATIONAL LINDBERGH FLD,SAN DIEGO,U,32,44,0,117,11,22,14
SFO,SAN FRANCISCO INTERNATIONAL,SAN FRANCISCO,U,37,37,8,122,22,29,13
SJC,NORMAN Y MINETA SAN JOSE INTERNATIONAL,SAN JOSE,U,37,21,42,121,55,44,58
SPB,SCAPPOOSE INDUSTRIAL AIRPARK,SAN LUIS,U,45,46,21,122,51,44,58
YZP,SANDSPIT,SANDSPIT,C,53,15,15,131,48,50,21
SKY,GRIFFING SANDUSKY,SANDUSKY,U,41,26,0,82,39,8,580
SNA,JOHN WAYNE ARPT ORANGE CO,SANTA ANA,U,33,40,32,117,52,5,56
SBO,EMANUEL CO,SANTA BARBARA,U,32,36,30,82,22,7,327
SAF,SANTA FE MUNI,SANTA FE,U,35,37,0,106,5,17,6348
YZR,CHRIS HADFIELD,SARNIA,C,42,59,58,82,18,32,594
YXE,SASKATOON J G DIEFENBAKER INTERNATIONAL,SASKATOON,C,52,10,15,106,41,59,1653
YAM,SAULT STE MARIE,SAULT SAINTE MARIE,C,46,29,6,84,30,34,630
SAV,SAVANNAH HILTON HEAD INTERNATIONAL,SAVANNAH,U,32,7,39,81,12,7,50
YKL,SCHEFFERVILLE,SCHEFFERVILLE,C,54,48,18,66,48,19,1709
BFI,BOEING FLD KING CO INTERNATIONAL,SEATTLE,U,47,31,47,122,18,7,18
SEA,SEATTLE TACOMA INTERNATIONAL,SEATTLE,U,47,26,56,122,18,33,429
SEM,CRAIG FLD,SELMA,U,32,20,38,86,59,16,166
YZV,SEPT ILES,SEPT-ILES,C,50,13,24,66,15,56,180
YSC,SHERBROOKE,SHERBROOKE,C,45,26,17,71,41,26,792
BAD,BARKSDALE AFB,SHREVEPORT,U,32,30,6,93,39,45,166
SHV,SHREVEPORT RGNL,SHREVEPORT,U,32,26,47,93,49,32,258
SUX,SIOUX GATEWAY COL BUD DAY FLD,SIOUX CITY,U,42,24,9,96,23,3,1098
YXL,SIOUX LOOKOUT,SIOUX LOOKOUT,C,50,6,52,91,54,15,1280
SIT,SITKA ROCKY GUTIERREZ,SITKA,U,57,2,49,135,21,41,26
SGY,SKAGWAY,SKAGWAY,U,59,27,36,135,18,56,44
YZH,SLAVE LAKE,SLAVE LAKE,C,55,17,36,114,46,42,1912
YYD,SMITHERS,SMITHERS,C,54,49,29,127,10,58,1712
SFZ,NORTH CENTRAL STATE,SMITHFIELD,U,41,55,14,71,29,28,441
YYH,TALOYOAK,SPENCE BAY,C,69,32,48,93,34,36,92
GEG,SPOKANE INTERNATIONAL,SPOKANE,U,47,37,11,117,32,1,2372
SFF,FELTS FLD,SPOKANE,U,47,40,58,117,19,21,1953
SKA,FAIRCHILD AFB,SPOKANE,U,47,36,54,117,39,20,2462
YAY,ST ANTHONY,ST. ANTHONY,C,51,23,30,56,5,4,92
YJN,ST JEAN,ST. JEAN,C,45,17,40,73,16,52,136
YSJ,SAINT JOHN,ST. JOHN,C,45,18,58,65,53,25,357
YYT,ST JOHNS INTERNATIONAL,ST. JOHN'S,C,47,37,7,52,45,7,461
YJT,STEPHENVILLE,STEPHENVILLE,C,48,32,39,58,33,0,84
SCK,STOCKTON METROPOLITAN,STOCKTON,U,37,53,39,121,14,19,30
BDR,IGOR I SIKORSKY MEM,STRATFORD,U,41,9,48,73,7,34,9
YSB,SUDBURY,SUDBURY,C,46,37,30,80,47,56,1140
YSU,SUMMERSIDE,SUMMERSIDE,C,46,26,34,63,49,52,56
SSC,SHAW AFB,SUMTER,U,33,58,22,80,28,22,242
YYN,SWIFT CURRENT,SWIFT CURRENT,C,50,17,31,107,41,26,2680
YQY,SYDNEY,SYDNEY,C,46,9,41,60,2,52,203
SYR,SYRACUSE HANCOCK INTERNATIONAL,SYRACUSE,U,43,6,40,76,6,22,421
TCM,MC CHORD AFB,TACOMA,U,47,8,15,122,28,35,323
TKA,TALKEETNA,TALKEETNA,U,62,19,13,150,5,37,358
TLH,TALLAHASSEE RGNL,TALLAHASSEE,U,30,23,47,84,21,1,81
MCF,MACDILL AFB,TAMPA,U,27,50,57,82,31,16,14
TPA,TAMPA INTERNATIONAL,TAMPA,U,27,58,31,82,31,59,26
TAL,RALPH M CALHOUN,TANANA,U,65,10,27,152,6,33,227
YXT,TERRACE,TERRACE,C,54,27,59,128,34,39,713
HUF,TERRE HAUTE INTERNATIONAL HULMAN FLD,TERRE HAUTE,U,39,27,5,87,18,27,589
YZW,TESLIN,TESLIN,C,60,10,22,132,44,34,2313
TEB,TETERBORO,TETERBORO,U,40,50,59,74,3,39,9
TXK,TEXARKANA RGNL WEBB FLD,TEXARKANA,U,33,27,13,93,59,27,390
YTH,THOMPSON,THOMPSON,C,55,48,4,97,51,51,729
YQT,THUNDER BAY,THUNDER BAY,C,48,22,19,89,19,26,653
YTS,TIMMINS,TIMMINS,C,48,34,11,81,22,36,967
YAZ,TOFINO,TOFINO,C,49,4,56,125,46,21,80
FOE,FORBES FLD,TOPEKA,U,38,57,3,95,39,49,1078
YKZ,BUTTONVILLE MUNI,TORONTO,C,43,51,44,79,22,12,650
YTZ,CITY CENTRE,TORONTO,C,43,37,39,79,23,46,251
YYZ,LESTER B PEARSON INTERNATIONAL,TORONTO,C,43,40,38,79,37,50,569
YZD,DOWNSVIEW,TORONTO,C,43,44,33,79,27,56,652
TTN,TRENTON MERCER,TRENTON,U,40,16,36,74,48,48,213
TCS,TRUTH OR CONSEQUENCES MUNI,TRUTH OR CONSEQUENCES,U,33,14,13,107,16,18,4853
DMA,DAVIS MONTHAN AFB,TUCSON,U,32,9,59,110,52,59,2704
TUS,TUCSON INTERNATIONAL,TUCSON,U,32,6,58,110,56,29,2643
TCC,TUCUMCARI MUNI,TUCUMCARI,U,35,10,58,103,36,11,4065
TUL,TULSA INTERNATIONAL,TULSA,U,36,11,54,95,53,17,677
NTK,TUSTIN MCAF,TUSTIN,U,33,42,22,117,49,38,54
TYR,TYLER POUNDS RGNL,TYLER,U,32,21,14,95,24,8,544
UNK,UNALAKLEET,UNALAKLEET,U,63,53,18,160,47,56,21
DUT,UNALASKA,UNALASKA,U,53,54,0,166,32,36,22
YVO,VAL D OR,VAL D'OR,C,48,3,12,77,46,58,1107
VDZ,VALDEZ PIONEER FIELD,VALDEZ,U,61,8,2,146,14,54,120
VAD,MOODY AFB,VALDOSTA,U,30,58,4,83,11,34,235
YVR,VANCOUVER INTERNATIONAL,VANCOUVER,C,49,11,42,123,10,55,14
YVG,VERMILION,VERMILLION,C,53,21,21,110,49,26,2025
VRB,VERO BEACH MUNI,VERO BEACH,U,27,39,20,80,25,4,24
YYJ,VICTORIA INTERNATIONAL,VICTORIA,C,48,38,49,123,25,33,63
VCV,SOUTHERN CALIFORNIA LOGISTICS,VICTORVILLE,U,34,35,35,117,22,46,2885
YWK,WABUSH,WABUSH,C,52,55,19,66,51,52,1808
ACT,WACO RGNL,WACO,U,31,36,40,97,13,49,516
CNW,TSTC WACO,WACO,U,31,38,16,97,4,26,470
WAL,WALLOPS FLIGHT FACILITY,WALLOPS ISLAND,U,37,56,24,75,27,59,40
DCA,RONALD REAGAN WASHINGTON NATIONAL,WASHINGTON,U,38,51,7,77,2,15,15
IAD,WASHINGTON DULLES INTERNATIONAL,WASHINGTON,U,38,56,40,77,27,20,313
YKF,WATERLOO RGNL,WATERLOO,C,43,27,32,80,23,4,1040
ART,WATERTOWN INTERNATIONAL,WATERTOWN,U,43,59,30,76,1,18,325
YQH,WATSON LAKE,WATSON LAKE,C,60,7,4,128,49,19,2255
ENV,WENDOVER,WENDOVER,U,40,43,7,114,1,51,4235
DPA,DU PAGE,WEST CHICAGO,U,41,54,28,88,14,55,758
LNA,PALM BEACH CO PARK,WEST PALM BEACH,U,26,35,34,80,5,6,14
PBI,PALM BEACH INTERNATIONAL,WEST PALM BEACH,U,26,40,59,80,5,44,19
HPN,WESTCHESTER CO,WHITE PLAINS,U,41,4,1,73,42,27,439
YZU,WHITECOURT,WHITECOURT,C,54,8,38,115,47,12,2567
YXY,WHITEHORSE INTERNATIONAL,WHITEHORSE,C,60,42,34,135,4,6,2317
YVV,WIARTON,WIARTON,C,44,44,45,81,6,26,729
IAB,MC CONNELL AFB,WICHITA,U,37,37,22,97,16,2,1371
ICT,WICHITA MID CONTINENT,WICHITA,U,37,38,59,97,25,59,1333
SPS,SHEPPARD AFB WICHITA FALLS MUNI,WICHITA FALLS,U,33,59,19,98,29,30,1019
WWD,CAPE MAY CO,WILDWOOD,U,39,0,30,74,54,29,23
YWL,WILLIAMS LAKE,WILLIAMS LAKE,C,52,10,59,122,3,15,3085
IPT,WILLIAMSPORT RGNL,WILLIAMSPORT,U,41,14,31,76,55,16,529
ISN,SLOULIN FLD INTERNATIONAL,WILLISTON,U,48,10,40,103,38,32,1982
NXX,WILLOW GROVE NAS JRB,WILLOW GROVE,U,40,11,59,75,8,53,362
ILG,NEW CASTLE CO,WILMINGTON,U,39,40,43,75,36,23,79
ILM,WILMINGTON INTERNATIONAL,WILMINGTON,U,34,16,14,77,54,9,32
YQG,WINDSOR,WINDSOR,C,42,16,32,82,57,20,622
BDL,BRADLEY INTERNATIONAL,WINDSOR LOCKS,U,41,56,20,72,40,59,173
INK,WINKLER CO,WINK,U,31,46,46,103,12,4,2820
YAV,WINNIPEG ST ANDREWS,WINNIPEG,C,50,3,23,97,1,57,760
YWG,WINNIPEG INTERNATIONAL,WINNIPEG,C,49,54,36,97,14,4,783
LHW,WRIGHT AAF,WRIGHT,U,31,53,20,81,33,44,48
WRI,MC GUIRE AFB,WRIGHTSTOWN,U,40,0,56,74,35,37,133
YWY,WRIGLEY,WRIGLEY,C,63,12,34,123,26,12,493
YAK,YAKUTAT,YAKUTAT,U,59,30,11,139,39,36,38
YZF,YELLOWKNIFE,YELLOWKNIFE,C,62,27,46,114,26,25,675
YQV,YORKTON MUNI,YORKTON,C,51,15,53,102,27,42,1635
YNG,YOUNGSTOWN WARREN RGNL,YOUNGSTOWN,U,41,15,38,80,40,44,1196
YUM,YUMA MCAS YUMA INTERNATIONAL,YUMA,U,32,39,23,114,36,21,213
